<metadata xml:lang="en"><Esri><CreaDate>20201027</CreaDate><CreaTime>20102000</CreaTime><ArcGISFormat>1.0</ArcGISFormat><SyncOnce>FALSE</SyncOnce><DataProperties><itemProps><itemName Sync="TRUE">valencia_outline</itemName><imsContentType Sync="TRUE">002</imsContentType><itemSize Sync="TRUE">0.000</itemSize><itemLocation><linkage Sync="TRUE">file://\\DESKTOP-DRLMKB3\C$\Users\SOM\Desktop\Study\Thesis and Research Work\UJI\ML\valencia_outline.shp</linkage><protocol Sync="TRUE">Local Area Network</protocol></itemLocation></itemProps><coordRef><type Sync="TRUE">Geographic</type><geogcsn Sync="TRUE">GCS_WGS_1984</geogcsn><csUnits Sync="TRUE">Angular Unit: Degree (0.017453)</csUnits><peXml Sync="TRUE">&lt;GeographicCoordinateSystem xsi:type='typens:GeographicCoordinateSystem' xmlns:xsi='http://www.w3.org/2001/XMLSchema-instance' xmlns:xs='http://www.w3.org/2001/XMLSchema' xmlns:typens='http://www.esri.com/schemas/ArcGIS/2.4.0'&gt;&lt;WKT&gt;GEOGCS[&amp;quot;GCS_WGS_1984&amp;quot;,DATUM[&amp;quot;D_WGS_1984&amp;quot;,SPHEROID[&amp;quot;WGS_1984&amp;quot;,6378137.0,298.257223563]],PRIMEM[&amp;quot;Greenwich&amp;quot;,0.0],UNIT[&amp;quot;Degree&amp;quot;,0.0174532925199433],AUTHORITY[&amp;quot;EPSG&amp;quot;,4326]]&lt;/WKT&gt;&lt;XOrigin&gt;-400&lt;/XOrigin&gt;&lt;YOrigin&gt;-400&lt;/YOrigin&gt;&lt;XYScale&gt;11258999068426.238&lt;/XYScale&gt;&lt;ZOrigin&gt;-100000&lt;/ZOrigin&gt;&lt;ZScale&gt;10000&lt;/ZScale&gt;&lt;MOrigin&gt;-100000&lt;/MOrigin&gt;&lt;MScale&gt;10000&lt;/MScale&gt;&lt;XYTolerance&gt;8.983152841195215e-09&lt;/XYTolerance&gt;&lt;ZTolerance&gt;0.001&lt;/ZTolerance&gt;&lt;MTolerance&gt;0.001&lt;/MTolerance&gt;&lt;HighPrecision&gt;true&lt;/HighPrecision&gt;&lt;LeftLongitude&gt;-180&lt;/LeftLongitude&gt;&lt;WKID&gt;4326&lt;/WKID&gt;&lt;LatestWKID&gt;4326&lt;/LatestWKID&gt;&lt;/GeographicCoordinateSystem&gt;</peXml></coordRef><lineage><Process ToolSource="c:\program files\arcgis\pro\Resources\ArcToolbox\toolboxes\Conversion Tools.tbx\FeatureClassToFeatureClass" Date="20201027" Time="201020">FeatureClassToFeatureClass muni "C:\Users\SOM\Desktop\Study\Thesis and Research Work\UJI\ML\112" val_boun_1.shp # "natlevel "natlevel" true true false 8 Text 0 0,First,#,muni,natlevel,0,8;inspireid "inspireid" true true false 24 Text 0 0,First,#,muni,inspireid,0,24;country "country" true true false 2 Text 0 0,First,#,muni,country,0,2;cartodb_id "cartodb_id" true true false 4 Short 0 4,First,#,muni,cartodb_id,-1,-1;natcode "natcode" true true false 11 Text 0 0,First,#,muni,natcode,0,11;nameunit "nameunit" true true false 81 Text 0 0,First,#,muni,nameunit,0,81;codnut1 "codnut1" true true false 3 Text 0 0,First,#,muni,codnut1,0,3;codnut2 "codnut2" true true false 4 Text 0 0,First,#,muni,codnut2,0,4;codnut3 "codnut3" true true false 5 Text 0 0,First,#,muni,codnut3,0,5" #</Process><Process ToolSource="c:\program files\arcgis\pro\Resources\ArcToolbox\toolboxes\Conversion Tools.tbx\FeatureClassToFeatureClass" Date="20201027" Time="201334">FeatureClassToFeatureClass val_boun_1 "C:\Users\SOM\Desktop\Study\Thesis and Research Work\UJI\ML\112\Final" valencia_boundary.shp # "natlevel "natlevel" true true false 8 Text 0 0,First,#,val_boun_1,natlevel,0,8;inspireid "inspireid" true true false 24 Text 0 0,First,#,val_boun_1,inspireid,0,24;country "country" true true false 2 Text 0 0,First,#,val_boun_1,country,0,2;cartodb_id "cartodb_id" true true false 4 Short 0 4,First,#,val_boun_1,cartodb_id,-1,-1;natcode "natcode" true true false 11 Text 0 0,First,#,val_boun_1,natcode,0,11;nameunit "nameunit" true true false 81 Text 0 0,First,#,val_boun_1,nameunit,0,81;codnut1 "codnut1" true true false 3 Text 0 0,First,#,val_boun_1,codnut1,0,3;codnut2 "codnut2" true true false 4 Text 0 0,First,#,val_boun_1,codnut2,0,4;codnut3 "codnut3" true true false 5 Text 0 0,First,#,val_boun_1,codnut3,0,5" #</Process><Process ToolSource="c:\program files\arcgis\pro\Resources\ArcToolbox\toolboxes\Analysis Tools.tbx\Erase" Date="20201027" Time="214030">Erase valencia_boundary "Erase Erase Features (Polygons)" C:\Users\SOM\Documents\ArcGIS\Projects\ML\ML.gdb\valencia_boundary_Erase #</Process><Process ToolSource="c:\program files\arcgis\pro\Resources\ArcToolbox\toolboxes\Conversion Tools.tbx\FeatureClassToFeatureClass" Date="20201027" Time="215352">FeatureClassToFeatureClass valencia_boundary_Erase "C:\Users\SOM\Desktop\Study\Thesis and Research Work\UJI\ML\112" valencia_outline.shp # "natlevel "natlevel" true true false 8 Text 0 0,First,#,valencia_boundary_Erase,natlevel,0,8;inspireid "inspireid" true true false 24 Text 0 0,First,#,valencia_boundary_Erase,inspireid,0,24;country "country" true true false 2 Text 0 0,First,#,valencia_boundary_Erase,country,0,2;cartodb_id "cartodb_id" true true false 2 Short 0 0,First,#,valencia_boundary_Erase,cartodb_id,-1,-1;natcode "natcode" true true false 11 Text 0 0,First,#,valencia_boundary_Erase,natcode,0,11;nameunit "nameunit" true true false 81 Text 0 0,First,#,valencia_boundary_Erase,nameunit,0,81;codnut1 "codnut1" true true false 3 Text 0 0,First,#,valencia_boundary_Erase,codnut1,0,3;codnut2 "codnut2" true true false 4 Text 0 0,First,#,valencia_boundary_Erase,codnut2,0,4;codnut3 "codnut3" true true false 5 Text 0 0,First,#,valencia_boundary_Erase,codnut3,0,5;Shape_Leng "Shape_Length" false true true 8 Double 0 0,First,#,valencia_boundary_Erase,Shape_Length,-1,-1;Shape_Area "Shape_Area" false true true 8 Double 0 0,First,#,valencia_boundary_Erase,Shape_Area,-1,-1" #</Process><Process ToolSource="c:\program files\arcgis\pro\Resources\ArcToolbox\toolboxes\Conversion Tools.tbx\FeatureClassToFeatureClass" Date="20201030" Time="175235">FeatureClassToFeatureClass valencia_outline "C:\Users\SOM\Desktop\Study\Thesis and Research Work\UJI\ML" valencia_outline.shp # "natlevel "natlevel" true true false 8 Text 0 0,First,#,valencia_outline,natlevel,0,8;inspireid "inspireid" true true false 24 Text 0 0,First,#,valencia_outline,inspireid,0,24;country "country" true true false 2 Text 0 0,First,#,valencia_outline,country,0,2;cartodb_id "cartodb_id" true true false 5 Long 0 5,First,#,valencia_outline,cartodb_id,-1,-1;natcode "natcode" true true false 11 Text 0 0,First,#,valencia_outline,natcode,0,11;nameunit "nameunit" true true false 81 Text 0 0,First,#,valencia_outline,nameunit,0,81;codnut1 "codnut1" true true false 3 Text 0 0,First,#,valencia_outline,codnut1,0,3;codnut2 "codnut2" true true false 4 Text 0 0,First,#,valencia_outline,codnut2,0,4;codnut3 "codnut3" true true false 5 Text 0 0,First,#,valencia_outline,codnut3,0,5;Shape_Leng "Shape_Leng" true true false 19 Double 0 0,First,#,valencia_outline,Shape_Leng,-1,-1;Shape_Area "Shape_Area" true true false 19 Double 0 0,First,#,valencia_outline,Shape_Area,-1,-1" #</Process></lineage></DataProperties><SyncDate>20201030</SyncDate><SyncTime>17523500</SyncTime><ModDate>20201030</ModDate><ModTime>17523500</ModTime></Esri><dataIdInfo><envirDesc Sync="TRUE">Microsoft Windows 10 Version 10.0 (Build 17134) ; Esri ArcGIS 12.4.0.19948</envirDesc><dataLang><languageCode value="eng" Sync="TRUE"></languageCode><countryCode value="USA" Sync="TRUE"></countryCode></dataLang><idCitation><resTitle Sync="TRUE">valencia_outline</resTitle><presForm><PresFormCd value="005" Sync="TRUE"></PresFormCd></presForm></idCitation><spatRpType><SpatRepTypCd value="001" Sync="TRUE"></SpatRepTypCd></spatRpType></dataIdInfo><mdLang><languageCode value="eng" Sync="TRUE"></languageCode><countryCode value="USA" Sync="TRUE"></countryCode></mdLang><mdChar><CharSetCd value="004" Sync="TRUE"></CharSetCd></mdChar><distInfo><distFormat><formatName Sync="TRUE">Shapefile</formatName></distFormat><distTranOps><transSize Sync="TRUE">0.000</transSize></distTranOps></distInfo><mdHrLv><ScopeCd value="005" Sync="TRUE"></ScopeCd></mdHrLv><mdHrLvName Sync="TRUE">dataset</mdHrLvName><refSysInfo><RefSystem><refSysID><identCode code="4326" Sync="TRUE"></identCode><idCodeSpace Sync="TRUE">EPSG</idCodeSpace><idVersion Sync="TRUE">6.14(3.0.1)</idVersion></refSysID></RefSystem></refSysInfo><spatRepInfo><VectSpatRep><geometObjs Name="valencia_outline"><geoObjTyp><GeoObjTypCd value="002" Sync="TRUE"></GeoObjTypCd></geoObjTyp><geoObjCnt Sync="TRUE">0</geoObjCnt></geometObjs><topLvl><TopoLevCd value="001" Sync="TRUE"></TopoLevCd></topLvl></VectSpatRep></spatRepInfo><spdoinfo><ptvctinf><esriterm Name="valencia_outline"><efeatyp Sync="TRUE">Simple</efeatyp><efeageom code="4" Sync="TRUE"></efeageom><esritopo Sync="TRUE">FALSE</esritopo><efeacnt Sync="TRUE">0</efeacnt><spindex Sync="TRUE">FALSE</spindex><linrefer Sync="TRUE">TRUE</linrefer></esriterm></ptvctinf></spdoinfo><eainfo><detailed Name="valencia_outline"><enttyp><enttypl Sync="TRUE">valencia_outline</enttypl><enttypt Sync="TRUE">Feature Class</enttypt><enttypc Sync="TRUE">0</enttypc></enttyp><attr><attrlabl Sync="TRUE">FID</attrlabl><attalias Sync="TRUE">FID</attalias><attrtype Sync="TRUE">OID</attrtype><attwidth Sync="TRUE">4</attwidth><atprecis Sync="TRUE">0</atprecis><attscale Sync="TRUE">0</attscale><attrdef Sync="TRUE">Internal feature number.</attrdef><attrdefs Sync="TRUE">Esri</attrdefs><attrdomv><udom Sync="TRUE">Sequential unique whole numbers that are automatically generated.</udom></attrdomv></attr><attr><attrlabl Sync="TRUE">Shape</attrlabl><attalias Sync="TRUE">Shape</attalias><attrtype Sync="TRUE">Geometry</attrtype><attwidth Sync="TRUE">0</attwidth><atprecis Sync="TRUE">0</atprecis><attscale Sync="TRUE">0</attscale><attrdef Sync="TRUE">Feature geometry.</attrdef><attrdefs Sync="TRUE">Esri</attrdefs><attrdomv><udom Sync="TRUE">Coordinates defining the features.</udom></attrdomv></attr><attr><attrlabl Sync="TRUE">natlevel</attrlabl><attalias Sync="TRUE">natlevel</attalias><attrtype Sync="TRUE">String</attrtype><attwidth Sync="TRUE">8</attwidth><atprecis Sync="TRUE">0</atprecis><attscale Sync="TRUE">0</attscale></attr><attr><attrlabl Sync="TRUE">inspireid</attrlabl><attalias Sync="TRUE">inspireid</attalias><attrtype Sync="TRUE">String</attrtype><attwidth Sync="TRUE">24</attwidth><atprecis Sync="TRUE">0</atprecis><attscale Sync="TRUE">0</attscale></attr><attr><attrlabl Sync="TRUE">country</attrlabl><attalias Sync="TRUE">country</attalias><attrtype Sync="TRUE">String</attrtype><attwidth Sync="TRUE">2</attwidth><atprecis Sync="TRUE">0</atprecis><attscale Sync="TRUE">0</attscale></attr><attr><attrlabl Sync="TRUE">cartodb_id</attrlabl><attalias Sync="TRUE">cartodb_id</attalias><attrtype Sync="TRUE">Integer</attrtype><attwidth Sync="TRUE">5</attwidth><atprecis Sync="TRUE">5</atprecis><attscale Sync="TRUE">0</attscale></attr><attr><attrlabl Sync="TRUE">natcode</attrlabl><attalias Sync="TRUE">natcode</attalias><attrtype Sync="TRUE">String</attrtype><attwidth Sync="TRUE">11</attwidth><atprecis Sync="TRUE">0</atprecis><attscale Sync="TRUE">0</attscale></attr><attr><attrlabl Sync="TRUE">nameunit</attrlabl><attalias Sync="TRUE">nameunit</attalias><attrtype Sync="TRUE">String</attrtype><attwidth Sync="TRUE">81</attwidth><atprecis Sync="TRUE">0</atprecis><attscale Sync="TRUE">0</attscale></attr><attr><attrlabl Sync="TRUE">codnut1</attrlabl><attalias Sync="TRUE">codnut1</attalias><attrtype Sync="TRUE">String</attrtype><attwidth Sync="TRUE">3</attwidth><atprecis Sync="TRUE">0</atprecis><attscale Sync="TRUE">0</attscale></attr><attr><attrlabl Sync="TRUE">codnut2</attrlabl><attalias Sync="TRUE">codnut2</attalias><attrtype Sync="TRUE">String</attrtype><attwidth Sync="TRUE">4</attwidth><atprecis Sync="TRUE">0</atprecis><attscale Sync="TRUE">0</attscale></attr><attr><attrlabl Sync="TRUE">codnut3</attrlabl><attalias Sync="TRUE">codnut3</attalias><attrtype Sync="TRUE">String</attrtype><attwidth Sync="TRUE">5</attwidth><atprecis Sync="TRUE">0</atprecis><attscale Sync="TRUE">0</attscale></attr><attr><attrlabl Sync="TRUE">Shape_Leng</attrlabl><attalias Sync="TRUE">Shape_Leng</attalias><attrtype Sync="TRUE">Double</attrtype><attwidth Sync="TRUE">19</attwidth><atprecis Sync="TRUE">0</atprecis><attscale Sync="TRUE">0</attscale></attr><attr><attrlabl Sync="TRUE">Shape_Area</attrlabl><attalias Sync="TRUE">Shape_Area</attalias><attrtype Sync="TRUE">Double</attrtype><attwidth Sync="TRUE">19</attwidth><atprecis Sync="TRUE">0</atprecis><attscale Sync="TRUE">0</attscale><attrdef Sync="TRUE">Area of feature in internal units squared.</attrdef><attrdefs Sync="TRUE">Esri</attrdefs><attrdomv><udom Sync="TRUE">Positive real numbers that are automatically generated.</udom></attrdomv></attr></detailed></eainfo><mdDateSt Sync="TRUE">20201030</mdDateSt></metadata>
